{"cameraMode":{"drawMode":0,"name":"Shaded","section":"Shading Mode"},"sceneLighting":true,"audioPlay":false,"sceneViewState":{"showFog":true,"showMaterialUpdate":false,"showSkybox":true,"showFlares":true,"showImageEffects":true,"showParticleSystems":true,"showVisualEffectGraphs":true,"m_FxEnabled":true},"in2DMode":false,"pivot":{"x":-2.3026673793792726,"y":2.800455331802368,"z":8.037511825561524},"rotation":{"x":-0.027306459844112397,"y":-0.002401781966909766,"z":0.0000656784322927706,"w":-0.9996277093887329},"size":41.62099075317383,"orthographic":false}